<addon id="script.program.sub-ai-translator" name="Subtitle AI Translator" version="1.1.6" provider-name="re999">

    <requires>
        <import addon="xbmc.python" version="3.0.0"/>
    </requires>

    <extension point="xbmc.python.script" library="service.py"/>

    <extension point="kodi.context.item">
        <menu id="kodi.core.main">
            <item library="context.py">
                <label>30007</label>
                <visible>true</visible>
                <icon>resources/images/icon-small.png</icon>
                <action>RunScript(script.program.sub-ai-translator, {ListItem.FileNameAndPath})</action>
            </item>
        </menu>
    </extension>
    
    <extension point="xbmc.addon.metadata">
        <summary lang="en">Translate subtitle files using AI</summary>
        <description lang="en">This addon lets you translate .srt subtitle files using OpenAI or a mock backend.</description>
        <platform>all</platform>
        <assets>
            <icon>resources/images/icon.png</icon>
        </assets>
    </extension>

</addon>
